{"cameraMode":{"drawMode":0,"name":"Shaded","section":"Shading Mode"},"sceneLighting":false,"audioPlay":false,"sceneViewState":{"showFog":true,"showMaterialUpdate":false,"showSkybox":true,"showFlares":true,"showImageEffects":true,"showParticleSystems":true},"in2DMode":false,"pivot":{"x":0.8914355039596558,"y":-1.7881988286972047,"z":1.467120885848999},"rotation":{"x":-0.4394606947898865,"y":0.2017168402671814,"z":-0.1015293225646019,"w":-0.8694115877151489},"size":9.059633255004883,"orthographic":false}