{"cameraMode":{"drawMode":0,"name":"Shaded","section":"Shading Mode"},"sceneLighting":false,"audioPlay":false,"sceneViewState":{"showFog":true,"showMaterialUpdate":false,"showSkybox":true,"showFlares":true,"showImageEffects":true,"showParticleSystems":true},"in2DMode":false,"pivot":{"x":-1.9131975173950196,"y":-0.6290020942687988,"z":7.204726696014404},"rotation":{"x":-0.15644574165344239,"y":0.6417025327682495,"z":-0.1354285478591919,"w":-0.738513171672821},"size":9.059633255004883,"orthographic":false}